descripcion,causa
125/01/201009901-2010-0001P DEPRECATORIO,099012010000
214/01/201009901-2010-0009  TENENCIA DE ARMAS,099012010000
312/01/201009901-2010-0007  ESTAFA,099012010000
411/01/201009901-2010-0008  TENENCIA DE ARMAS,099012010000
508/01/201009901-2010-0005  ESTUPEFACIENTES,099012010000
608/01/201009901-2010-0006  ROBO,099012010000
707/01/201009901-2010-0003  OTRO,099012010000
807/01/201009901-2010-0004  TENENCIA DE ARMAS,099012010000
906/01/201009901-2010-0001  CONTRA LA VIDA,099012010000
1004/01/201009901-2010-0002  ROBO,099012010000
126/01/201009901-2010-0019  ASESINATO,099012010001
222/01/201009901-2010-0018  TENENCIA DE ARMAS,099012010001
322/01/201009901-2010-0017  INDAGACION,099012010001
421/01/201009901-2010-0016  ESTUPEFACIENTES,099012010001
519/01/201009901-2010-0013  PLAGIO,099012010001
619/01/201009901-2010-0015  ESTUPEFACIENTES,099012010001
718/01/201009901-2010-0014  TENENCIA DE ARMAS,099012010001
814/01/201009901-2010-0010  ROBO,099012010001
914/01/201009901-2010-0012  ESTUPEFACIENTES,099012010001
1013/01/201009901-2010-0011  CONTRA LA VIDA,099012010001
105/02/201009901-2010-0029  TENENCIA DE ARMAS,099012010002
203/02/201009901-2010-0025  CONTRA LA FE PUBLICA,099012010002
303/02/201009901-2010-0027  ESTUPEFACIENTES,099012010002
402/02/201009901-2010-0028  CONTRA LA VIDA,099012010002
528/01/201009901-2010-0024  ROBO,099012010002
628/01/201009901-2010-0020  TENENCIA DE ARMAS,099012010002
728/01/201009901-2010-0021  ROBO,099012010002
828/01/201009901-2010-0022  LESIONES,099012010002
928/01/201009901-2010-0023  HURTO,099012010002
1003/01/201009901-2010-0026  ESTUPEFACIENTES,099012010002
118/02/201009901-2010-0039  ROBO,099012010003
217/02/201009901-2010-0038  ROBO,099012010003
312/02/201009901-2010-0036  ROBO,099012010003
411/02/201009901-2010-0035  ROBO,099012010003
510/02/201009901-2010-0034  ROBO,099012010003
609/02/201009901-2010-0033  TENENCIA DE ARMAS,099012010003
708/02/201009901-2010-0031  TENENCIA DE ARMAS,099012010003
808/02/201009901-2010-0032  HURTO,099012010003
905/02/201009901-2010-0030  ESTUPEFACIENTES,099012010003
104/03/201009901-2010-0048  TENENCIA DE ARMAS,099012010004
204/03/201009901-2010-0049  LA ESTAFA,099012010004
302/03/201009901-2010-0047  EL ROBO,099012010004
426/02/201009901-2010-0046  ABUSO DE ARMAS.,099012010004
525/02/201009901-2010-0045  ROBO,099012010004
624/02/201009901-2010-0043  ROBO,099012010004
724/02/201009901-2010-0044  ROBO,099012010004
822/02/201009901-2010-0042  LA ESTAFA,099012010004
919/02/201009901-2010-0040  FALSIFICACIÓN DE DOCUMENTOS.,099012010004
1019/02/201009901-2010-0041  ROBO,099012010004
118/03/201009901-2010-0059  ESTUPEFACIENTES,099012010005
216/03/201009901-2010-0057  DELITOS CONTRA EL MEDIO AMBIENTE.,099012010005
"316/03/201009901-2010-0058  FALSIFICACIÓN DE MONEDAS, BILLETES DE BANCO. TÍTULOS AL PORTADOR Y DOCUMENTOS DE CRÉDITO.",099012010005
415/03/201009901-2010-0056  ROBO,099012010005
511/03/201009901-2010-0054  TENENCIA DE ARMAS,099012010005
611/03/201009901-2010-0055  FALSIFICACIONES,099012010005
710/03/201009901-2010-0053  EL ROBO,099012010005
"805/03/201009901-2010-0050  ATENTADO CONTRA EL PUDOR, VIOLACIÓN Y ESTUPRO.",099012010005
905/03/201009901-2010-0051  ABUSO DE ARMAS.,099012010005
131/03/201009901-2010-0069  TENENCIA DE ARMAS,099012010006
230/03/201009901-2010-0067  OTRO,099012010006
330/03/201009901-2010-0068  EL ROBO,099012010006
429/03/201009901-2010-0066  ABUSO DE ARMAS.,099012010006
524/03/201009901-2010-0062  EL ROBO,099012010006
624/03/201009901-2010-0063  EL ROBO,099012010006
724/03/201009901-2010-0064  DE LA REBELIÓN Y ATENTADOS CONTRA FUNCIONARIOS.,099012010006
824/03/201009901-2010-0065  DELITOS RELACIONADOS CON NARCOTRAFICO,099012010006
923/03/201009901-2010-0061  OTRO,099012010006
1022/03/201009901-2010-0060  ABUSO DE ARMAS.,099012010006
114/04/201009901-2010-0079  ROBO,099012010007
214/04/201009901-2010-0078  FALSIFICACIONES,099012010007
309/04/201009901-2010-0076  ESTUPEFACIENTES,099012010007
407/04/201009901-2010-0075  DELITOS CONTRA LA VIDA.,099012010007
505/04/201009901-2010-0073  TENTATIVA DE ASESINATO,099012010007
605/04/201009901-2010-0074  ABUSO DE ARMAS.,099012010007
701/04/201009901-2010-0070  DELITOS RELACIONADOS CON NARCOTRAFICO,099012010007
801/04/201009901-2010-0071  ROBO,099012010007
901/04/201009901-2010-0072  DELITOS RELACIONADOS CON NARCOTRAFICO,099012010007
129/04/201009901-2010-0089  EL ROBO,099012010008
227/04/201009901-2010-0088  ROBO,099012010008
327/04/201009901-2010-0083  ESTUPEFACIENTES,099012010008
426/04/201009901-2010-0084  ROBO,099012010008
523/04/201009901-2010-0086  ROBO,099012010008
622/04/201009901-2010-0085  ROBO,099012010008
721/04/201009901-2010-0082  ROBO,099012010008
819/04/201009901-2010-0081  DELITOS RELACIONADOS CON NARCOTRAFICO,099012010008
916/04/201009901-2010-0080  ROBO,099012010008
111/05/201009901-2010-0099  TENENCIA DE ARMAS,099012010009
210/05/201009901-2010-0098  TENENCIA DE ARMAS,099012010009
306/05/201009901-2010-0097  ESTUPEFACIENTES,099012010009
406/05/201009901-2010-0095  ROBO,099012010009
505/05/201009901-2010-0096  TENENCIA DE ARMAS,099012010009
603/05/201009901-2010-0094  ROBO,099012010009
703/05/201009901-2010-0093  ROBO,099012010009
829/04/201009901-2010-0092  FALSIFICACIONES,099012010009
929/04/201009901-2010-0091  TENENCIA DE ARMAS,099012010009
1029/04/201009901-2010-0090  ROBO,099012010009
127/05/201009901-2010-0109  TENENCIA DE ARMAS,099012010010
225/05/201009901-2010-0108  DELITOS RELACIONADOS CON NARCOTRAFICO,099012010010
320/05/201009901-2010-0106  EL ROBO,099012010010
420/05/201009901-2010-0107  EL ROBO,099012010010
519/05/201009901-2010-0105  ROBO,099012010010
614/05/201009901-2010-0103  ROBO,099012010010
713/05/201009901-2010-0102  LESIONES,099012010010
813/05/201009901-2010-0101  TENENCIA DE ARMAS,099012010010
912/05/201009901-2010-0100  ROBO,099012010010
103/06/201009901-2010-0118  TENENCIA DE ARMAS,099012010011
202/06/201009901-2010-0119  ESTUPEFACIENTES,099012010011
301/06/201009901-2010-0117  OTRO,099012010011
431/05/201009901-2010-0113  EL HURTO,099012010011
531/05/201009901-2010-0114  ROBO,099012010011
631/05/201009901-2010-0115  ASESINATO,099012010011
731/05/201009901-2010-0116  ROBO,099012010011
827/05/201009901-2010-0112  ROBO,099012010011
927/05/201009901-2010-0111  EL ROBO,099012010011
1026/05/201009901-2010-0110  ROBO,099012010011
114/06/201009901-2010-0128  EL ROBO,099012010012
214/06/201009901-2010-0129  MALVERSACION DE FONDOS DE LA INSTITUCION,099012010012
310/06/201009901-2010-0125  EL ROBO,099012010012
410/06/201009901-2010-0126  ROBO,099012010012
510/06/201009901-2010-0127  LA ESTAFA,099012010012
609/06/201009901-2010-0124  ESTUPEFACIENTES,099012010012
707/06/201009901-2010-0120  EL ROBO,099012010012
807/06/201009901-2010-0121  EL ROBO,099012010012
907/06/201009901-2010-0122  ROBO,099012010012
1007/06/201009901-2010-0123  EL ROBO,099012010012
125/06/201009901-2010-0138  EL ROBO,099012010013
224/06/201009901-2010-0139  ESTUPEFACIENTES,099012010013
318/06/201009901-2010-0137  ESTUPEFACIENTES,099012010013
416/06/201009901-2010-0135  ESTUPEFACIENTES,099012010013
516/06/201009901-2010-0136  EL ROBO,099012010013
615/06/201009901-2010-0131  DESERCION,099012010013
715/06/201009901-2010-0132  EL HURTO,099012010013
815/06/201009901-2010-0133  DESERCION,099012010013
914/06/201009901-2010-0134  AUSENCIA ILEGAL,099012010013
1014/06/201009901-2010-0130  HOMICIDIO,099012010013
129/06/201009901-2010-0148  TENENCIA DE ARMAS,099012010014
229/06/201009901-2010-0149  FALSIFICACIONES,099012010014
328/06/201009901-2010-0143  ROBO,099012010014
428/06/201009901-2010-0144  TENENCIA DE ARMAS,099012010014
528/06/201009901-2010-0146  TENENCIA DE ARMAS,099012010014
628/06/201009901-2010-0147  CONTRA LA VIDA,099012010014
725/06/201009901-2010-0140  DISPOSICIONES COMUNES A LOS DELITOS SEXUALES Y DE TRATA DE PERSONAS,099012010014
825/06/201009901-2010-0141  OTRO,099012010014
925/06/201009901-2010-0145  TENENCIA DE ARMAS,099012010014
1024/06/201009901-2010-0142  ROBO,099012010014
112/07/201009901-2010-0159  ESTAFA,099012010015
209/07/201009901-2010-0156  LESIONES,099012010015
309/07/201009901-2010-0158  ROBO,099012010015
408/07/201009901-2010-0157  ROBO,099012010015
506/07/201009901-2010-0155  ROBO,099012010015
602/07/201009901-2010-0154  FALSIFICACIONES,099012010015
702/07/201009901-2010-0152  TENENCIA DE ARMAS,099012010015
802/07/201009901-2010-0153  TENENCIA DE ARMAS,099012010015
901/07/201009901-2010-0151  LAS LESIONES,099012010015
1030/06/201009901-2010-0150  ROBO,099012010015
"126/07/201009901-2010-0168  FALSIFICACIÓN DE MONEDAS, BILLETES DE BANCO. TÍTULOS AL PORTADOR Y DOCUMENTOS DE CRÉDITO.",099012010016
223/07/201009901-2010-0169  ROBO,099012010016
320/07/201009901-2010-0166  ABUSO DE ARMAS.,099012010016
419/07/201009901-2010-0167  PECULADO,099012010016
519/07/201009901-2010-0165  OCULTACION DE BIENES,099012010016
616/07/201009901-2010-0164  DELITOS RELACIONADOS CON NARCOTRAFICO,099012010016
715/07/201009901-2010-0162  ABUSO DE ARMAS.,099012010016
815/07/201009901-2010-0163  TENENCIA DE ARMAS,099012010016
913/07/201009901-2010-0161  OTRO,099012010016
1012/07/201009901-2010-0160  ROBO,099012010016
105/08/201009901-2010-0179  EL ROBO,099012010017
203/08/201009901-2010-0177  ESTUPEFACIENTES,099012010017
303/08/201009901-2010-0178  DELITOS RELACIONADOS CON NARCOTRAFICO,099012010017
402/08/201009901-2010-0175  FALSIFICACIÓN DE DOCUMENTOS.,099012010017
502/08/201009901-2010-0176  EL ROBO,099012010017
630/07/201009901-2010-0174  EL ROBO,099012010017
729/07/201009901-2010-0173  TENENCIA DE ARMAS MUNICIONES EXPLOSIVOS Y ACCESORIOS,099012010017
828/07/201009901-2010-0171  ABUSO DE ARMAS.,099012010017
927/07/201009901-2010-0172  ESTUPEFACIENTES,099012010017
1026/07/201009901-2010-0170  EL HURTO,099012010017
119/08/201009901-2010-0189  ABUSO DE ARMAS.,099012010018
218/08/201009901-2010-0187  DELITOS RELACIONADOS CON NARCOTRAFICO,099012010018
318/08/201009901-2010-0188  EL ROBO,099012010018
416/08/201009901-2010-0186  ABUSO DE ARMAS.,099012010018
511/08/201009901-2010-0185  EL ROBO,099012010018
610/08/201009901-2010-0184  ASOCIACION ILICITA,099012010018
709/08/201009901-2010-0183  EL ROBO,099012010018
806/08/201009901-2010-0181  ABUSO DE ARMAS.,099012010018
906/08/201009901-2010-0182  EL ROBO,099012010018
1005/08/201009901-2010-0180  TENENCIA DE ARMAS,099012010018
127/08/201009901-2010-0197  ABUSO DE ARMAS.,099012010019
227/08/201009901-2010-0198  EL ROBO,099012010019
327/08/201009901-2010-0199  OTRO,099012010019
425/08/201009901-2010-0196  ROBO,099012010019
524/08/201009901-2010-0194  LAS LESIONES,099012010019
624/08/201009901-2010-0195  ABUSO DE ARMAS.,099012010019
723/08/201009901-2010-0190  ESTUPEFACIENTES,099012010019
"823/08/201009901-2010-0191  USURPACIÓN DE FUNCIONES, TÍTULOS Y NOMBRES.",099012010019
923/08/201009901-2010-0192  ROBO,099012010019
1023/08/201009901-2010-0193  TENENCIA DE ARMAS,099012010019
120/09/201009901-2010-0209  FALSIFICACIÓN DE DOCUMENTOS.,099012010020
209/09/201009901-2010-0206  ABUSO DE ARMAS.,099012010020
309/09/201009901-2010-0207  EL ROBO,099012010020
409/09/201009901-2010-0208  EL ROBO,099012010020
503/09/201009901-2010-0205  ROBO,099012010020
601/09/201009901-2010-0204  ROBO,099012010020
731/08/201009901-2010-0201  TENENCIA DE ARMAS,099012010020
831/08/201009901-2010-0202  ROBO,099012010020
931/08/201009901-2010-0203  EL ROBO,099012010020
1030/08/201009901-2010-0200  ESTUPEFACIENTES,099012010020
120/09/201009901-2010-0209  FALSIFICACIÓN DE DOCUMENTOS.,099012010020
209/09/201009901-2010-0206  ABUSO DE ARMAS.,099012010020
309/09/201009901-2010-0207  EL ROBO,099012010020
409/09/201009901-2010-0208  EL ROBO,099012010020
503/09/201009901-2010-0205  ROBO,099012010020
601/09/201009901-2010-0204  ROBO,099012010020
731/08/201009901-2010-0201  TENENCIA DE ARMAS,099012010020
831/08/201009901-2010-0202  ROBO,099012010020
931/08/201009901-2010-0203  EL ROBO,099012010020
1030/08/201009901-2010-0200  ESTUPEFACIENTES,099012010020
127/09/201009901-2010-0219  ROBO,099012010021
220/09/201009901-2010-0210  EL ROBO,099012010021
320/09/201009901-2010-0212  EL ROBO,099012010021
420/09/201009901-2010-0213  COHECHO.,099012010021
520/09/201009901-2010-0218  TENENCIA DE ARMAS,099012010021
617/09/201009901-2010-0215  ROBO,099012010021
717/09/201009901-2010-0216  ROBO,099012010021
817/09/201009901-2010-0217  PECULADO,099012010021
916/09/201009901-2010-0214  ROBO,099012010021
111/10/201009901-2010-0227  USO DOLOSO DE DOCUMENTOS FALSOS,099012010022
211/10/201009901-2010-0229  TENENCIA DE ARMAS,099012010022
308/10/201009901-2010-0228  TENENCIA DE ARMAS,099012010022
407/10/201009901-2010-0226  LESIONES,099012010022
505/10/201009901-2010-0225  TENENCIA DE ARMAS,099012010022
604/10/201009901-2010-0224  ESTUPEFACIENTES,099012010022
729/09/201009901-2010-0223  ESTUPEFACIENTES,099012010022
827/09/201009901-2010-0221  ROBO,099012010022
927/09/201009901-2010-0222  ESTUPEFACIENTES,099012010022
1024/09/201009901-2010-0220  ROBO,099012010022
128/10/201009901-2010-0238  ROBO,099012010023
228/10/201009901-2010-0239  ROBO,099012010023
325/10/201009901-2010-0237  TENENCIA DE ARMAS,099012010023
419/10/201009901-2010-0236  OCULTACION DE BIENES,099012010023
518/10/201009901-2010-0233  ROBO,099012010023
618/10/201009901-2010-0235  OCULTACION DE BIENES,099012010023
715/10/201009901-2010-0231  ROBO,099012010023
815/10/201009901-2010-0234  ASESINATO,099012010023
908/10/201009901-2010-0230  ROBO,099012010023
112/11/201009901-2010-0248  EL ROBO,099012010024
212/11/201009901-2010-0249  DELITOS RELACIONADOS CON NARCOTRAFICO,099012010024
305/11/201009901-2010-0245  ROBO,099012010024
405/11/201009901-2010-0246  ABUSO DE ARMAS.,099012010024
530/10/201009901-2010-0244  ROBO,099012010024
629/10/201009901-2010-0240  ROBO,099012010024
729/10/201009901-2010-0241  ESTUPEFACIENTES,099012010024
828/10/201009901-2010-0243  ESTUPEFACIENTES,099012010024
124/11/201009901-2010-0259  EL ROBO,099012010025
222/11/201009901-2010-0258  DELITOS CONTRA LA VIDA.,099012010025
319/11/201009901-2010-0257  EL ROBO,099012010025
418/11/201009901-2010-0256  TENENCIA DE ARMAS,099012010025
516/11/201009901-2010-0252  ROBO,099012010025
616/11/201009901-2010-0254  ROBO,099012010025
716/11/201009901-2010-0255  ABUSO DE ARMAS.,099012010025
812/11/201009901-2010-0250  ABUSO DE ARMAS.,099012010025
912/11/201009901-2010-0251  PROXENETISMO Y CORRUPCIÓN DE MENORES.,099012010025
106/12/201009901-2010-0267  OCULTACION DE BIENES,099012010026
206/12/201009901-2010-0268  TENENCIA DE ARMAS,099012010026
303/12/201009901-2010-0269  HURTO,099012010026
402/12/201009901-2010-0266  TENENCIA DE ARMAS MUNICIONES EXPLOSIVOS Y ACCESORIOS,099012010026
501/12/201009901-2010-0264  ROBO,099012010026
601/12/201009901-2010-0265  ABUSO DE ARMAS.,099012010026
730/11/201009901-2010-0263  INTIMIDACION,099012010026
829/11/201009901-2010-0262  EL ROBO,099012010026
926/11/201009901-2010-0261  EL ROBO,099012010026
1025/11/201009901-2010-0260  ROBO,099012010026
123/12/201009901-2010-0279  ROBO,099012010027
221/12/201009901-2010-0278  HOMICIDIO,099012010027
320/12/201009901-2010-0275  LESIONES,099012010027
420/12/201009901-2010-0276  ROBO,099012010027
520/12/201009901-2010-0277  TENENCIA DE ARMAS,099012010027
615/12/201009901-2010-0274  TENTATIVA DE ASESINATO,099012010027
714/12/201009901-2010-0273  FALSIFICACIONES,099012010027
810/12/201009901-2010-0270  TENENCIA DE ARMAS,099012010027
910/12/201009901-2010-0272  ESTUPEFACIENTES,099012010027
1009/12/201009901-2010-0271  ESTAFA,099012010027
130/12/201009901-2010-0284  TENENCIA DE ARMAS,099012010028
229/12/201009901-2010-0283  ROBO,099012010028
327/12/201009901-2010-0282  ESTUPEFACIENTES,099012010028
424/12/201009901-2010-0281  ASESINATO,099012010028
523/12/201009901-2010-0280  ROBO,099012010028
No se encuentran resultados.,099012010031
128/01/201109901-2011-0019  OTRO,099012011001
225/01/201109901-2011-0018  ROBO,099012011001
324/01/201109901-2011-0017  OCULTACION DE BIENES,099012011001
420/01/201109901-2011-0016  TENENCIA DE ARMAS,099012011001
518/01/201109901-2011-0012  TENENCIA DE ARMAS,099012011001
618/01/201109901-2011-0014  DISPOSICIONES COMUNES A LOS DELITOS SEXUALES Y DE TRATA DE PERSONAS,099012011001
718/01/201109901-2011-0015  TENENCIA DE ARMAS,099012011001
817/01/201109901-2011-0011  CONTRA LA VIDA,099012011001
917/01/201109901-2011-0013  DISPOSICIONES COMUNES A LOS DELITOS SEXUALES Y DE TRATA DE PERSONAS,099012011001
1014/01/201109901-2011-0010  DELITOS RELACIONADOS CON NARCOTRAFICO,099012011001
110/02/201109901-2011-0028  TENENCIA DE ARMAS,099012011002
210/02/201109901-2011-0029  DELITOS CONTRA LA VIDA.,099012011002
308/02/201109901-2011-0026  TENENCIA DE ARMAS,099012011002
408/02/201109901-2011-0027  ABUSO DE ARMAS.,099012011002
504/02/201109901-2011-0025  TENENCIA DE ARMAS,099012011002
602/02/201109901-2011-0024  ROBO,099012011002
701/02/201109901-2011-0023  TENENCIA DE ARMAS,099012011002
828/01/201109901-2011-0020  TENENCIA DE ARMAS,099012011002
928/01/201109901-2011-0021  ESTUPEFACIENTES,099012011002
1001/01/201109901-2011-0022  OCULTACION DE BIENES,099012011002
124/02/201109901-2011-0039  ROBO,099012011003
221/02/201109901-2011-0036  ROBO,099012011003
321/02/201109901-2011-0037  EL ROBO,099012011003
417/02/201109901-2011-0033  OCULTACION DE BIENES,099012011003
517/02/201109901-2011-0035  HURTO,099012011003
616/02/201109901-2011-0032  ESTUPEFACIENTES,099012011003
716/02/201109901-2011-0034  OCULTACION DE BIENES,099012011003
815/02/201109901-2011-0031  ROBO,099012011003
914/02/201109901-2011-0030  TENENCIA DE ARMAS,099012011003
115/03/201109901-2011-0049  OCULTACION DE BIENES,099012011004
211/03/201109901-2011-0047  TRANSPORTE ILEGAL DE ARMAS,099012011004
311/03/201109901-2011-0048  ROBO,099012011004
409/03/201109901-2011-0045  TENENCIA DE ARMAS,099012011004
504/03/201109901-2011-0044  ROBO,099012011004
603/03/201109901-2011-0043  EL ROBO,099012011004
702/03/201109901-2011-0042  ESTUPEFACIENTES,099012011004
828/02/201109901-2011-0040  DELITOS RELACIONADOS CON NARCOTRAFICO,099012011004
928/02/201109901-2011-0041  LA ESTAFA,099012011004
131/03/201109901-2011-0059  EL ROBO,099012011005
230/03/201109901-2011-0058  TENENCIA DE ARMAS MUNICIONES EXPLOSIVOS Y ACCESORIOS,099012011005
329/03/201109901-2011-0056  EL HURTO,099012011005
429/03/201109901-2011-0057  ROBO,099012011005
524/03/201109901-2011-0055  TENENCIA DE ARMAS,099012011005
623/03/201109901-2011-0053  ROBO,099012011005
723/03/201109901-2011-0054  TENENCIA DE ARMAS,099012011005
822/03/201109901-2011-0052  EL ROBO,099012011005
921/03/201109901-2011-0051  EL ROBO,099012011005
1015/03/201109901-2011-0050  ESTUPEFACIENTES,099012011005
115/04/201109901-2011-0069  EL ROBO,099012011006
214/04/201109901-2011-0066  ROBO,099012011006
314/04/201109901-2011-0067  EL ROBO,099012011006
414/04/201109901-2011-0068  ESTUPEFACIENTES,099012011006
511/04/201109901-2011-0064  TENENCIA DE ARMAS,099012011006
611/04/201109901-2011-0065  EL ROBO,099012011006
707/04/201109901-2011-0062  DELITOS RELACIONADOS CON NARCOTRAFICO,099012011006
807/04/201109901-2011-0063  EL ROBO,099012011006
905/04/201109901-2011-0061  TENENCIA DE ARMAS,099012011006
106/05/201109901-2011-0079  EL ROBO,099012011007
205/05/201109901-2011-0078  ROBO,099012011007
329/04/201109901-2011-0076  ROBO,099012011007
429/04/201109901-2011-0077  ABUSO DE ARMAS.,099012011007
528/04/201109901-2011-0075  ROBO,099012011007
626/04/201109901-2011-0073  EL HURTO,099012011007
726/04/201109901-2011-0074  DELITOS RELATIVOS A LA COMERCIALIZACIÓN ILÍCITA DE COMBUSTIBLES. - R.O.S 170 - 14 SEP 2007 (HIDROCARBUROS),099012011007
820/04/201109901-2011-0071  DELITOS RELACIONADOS CON NARCOTRAFICO,099012011007
920/04/201109901-2011-0072  TENENCIA DE ARMAS,099012011007
1019/04/201109901-2011-0070  TENENCIA DE ARMAS,099012011007
123/05/201109901-2011-0088  HURTO,099012011008
220/05/201109901-2011-0089  EL ROBO,099012011008
318/05/201109901-2011-0087  ESTUPEFACIENTES,099012011008
417/05/201109901-2011-0086  ROBO,099012011008
516/05/201109901-2011-0085  ESTUPEFACIENTES,099012011008
613/05/201109901-2011-0084  TENENCIA DE ARMAS,099012011008
712/05/201109901-2011-0083  DISPOSICIONES COMUNES A LOS DELITOS SEXUALES Y DE TRATA DE PERSONAS,099012011008
810/05/201109901-2011-0082  EL ROBO,099012011008
906/05/201109901-2011-0080  DELITOS CONTRA LA SEGURIDAD INTERIOR DEL ESTADO.,099012011008
1006/05/201109901-2011-0081  ROBO,099012011008
115/06/201109901-2011-0097  TENENCIA DE ARMAS,099012011009
207/06/201109901-2011-0098  ESTUPEFACIENTES,099012011009
307/06/201109901-2011-0099  OCULTACION DE BIENES,099012011009
403/06/201109901-2011-0096  ROBO,099012011009
502/06/201109901-2011-0095  EL ROBO,099012011009
601/06/201109901-2011-0093  EL ROBO,099012011009
701/06/201109901-2011-0094  ROBO,099012011009
825/05/201109901-2011-0091  TENTATIVA DE ASESINATO,099012011009
911/05/201109901-2011-0092  ESTUPEFACIENTES,099012011009
115/06/201109901-2011-0097  TENENCIA DE ARMAS,099012011009
207/06/201109901-2011-0098  ESTUPEFACIENTES,099012011009
307/06/201109901-2011-0099  OCULTACION DE BIENES,099012011009
403/06/201109901-2011-0096  ROBO,099012011009
502/06/201109901-2011-0095  EL ROBO,099012011009
601/06/201109901-2011-0093  EL ROBO,099012011009
701/06/201109901-2011-0094  ROBO,099012011009
825/05/201109901-2011-0091  TENTATIVA DE ASESINATO,099012011009
911/05/201109901-2011-0092  ESTUPEFACIENTES,099012011009
113/06/201109901-2011-0109  ROBO,099012011010
210/06/201109901-2011-0103  EL ROBO,099012011010
310/06/201109901-2011-0106  TENENCIA DE ARMAS,099012011010
410/06/201109901-2011-0108  LESIONES,099012011010
509/06/201109901-2011-0100  EL ROBO,099012011010
609/06/201109901-2011-0102  ABUSO DE ARMAS.,099012011010
709/06/201109901-2011-0104  ABUSO DE ARMAS.,099012011010
809/06/201109901-2011-0105  ASOCIACIONES ILÍCITAS.,099012011010
909/06/201109901-2011-0107  ASOCIACIONES ILÍCITAS.,099012011010
1008/06/201109901-2011-0101  ABUSO DE ARMAS.,099012011010
116/06/201109901-2011-0118  ROBO,099012011011
216/06/201109901-2011-0119  ASESINATO,099012011011
315/06/201109901-2011-0113  ROBO,099012011011
415/06/201109901-2011-0114  TENENCIA DE ARMAS,099012011011
515/06/201109901-2011-0116  ROBO,099012011011
615/06/201109901-2011-0117  DELITOS RELATIVOS A LA COMERCIALIZACIÓN ILÍCITA DE COMBUSTIBLES. - R.O.S 170 - 14 SEP 2007 (HIDROCARBUROS),099012011011
714/06/201109901-2011-0111  TENENCIA DE ARMAS,099012011011
814/06/201109901-2011-0112  TENENCIA DE ARMAS,099012011011
914/06/201109901-2011-0115  CONTRA LA VIDA,099012011011
1010/06/201109901-2011-0110  ROBO,099012011011
121/06/201109901-2011-0127  ABUSO DE ARMAS.,099012011012
221/06/201109901-2011-0128  ROBO,099012011012
321/06/201109901-2011-0129  DELITOS RELACIONADOS CON NARCOTRAFICO,099012011012
420/06/201109901-2011-0125  LESIONES,099012011012
520/06/201109901-2011-0126  ESTUPEFACIENTES,099012011012
617/06/201109901-2011-0120  ESTUPEFACIENTES,099012011012
717/06/201109901-2011-0123  DELITOS DE EXPLOTACION SEXUAL,099012011012
817/06/201109901-2011-0124  ROBO,099012011012
916/06/201109901-2011-0121  ROBO,099012011012
1016/06/201109901-2011-0122  ROBO,099012011012
124/06/201109901-2011-0138  EL ROBO,099012011013
224/06/201109901-2011-0139  TENENCIA DE ARMAS,099012011013
323/06/201109901-2011-0133  ASOCIACION ILICITA,099012011013
423/06/201109901-2011-0135  ROBO,099012011013
523/06/201109901-2011-0136  EL ROBO,099012011013
623/06/201109901-2011-0137  ABUSO DE ARMAS.,099012011013
722/06/201109901-2011-0130  TENENCIA DE ARMAS,099012011013
822/06/201109901-2011-0131  ESTUPEFACIENTES,099012011013
922/06/201109901-2011-0132  ABUSO DE ARMAS.,099012011013
1022/06/201109901-2011-0134  ROBO,099012011013
130/06/201109901-2011-0148  ROBO,099012011014
229/06/201109901-2011-0145  ROBO,099012011014
329/06/201109901-2011-0146  ESTUPEFACIENTES,099012011014
429/06/201109901-2011-0147  TELECOMUNICACIONES ILEGALES,099012011014
529/06/201109901-2011-0149  EL HURTO,099012011014
628/06/201109901-2011-0144  HURTO,099012011014
727/06/201109901-2011-0142  EL HURTO,099012011014
827/06/201109901-2011-0143  TENENCIA DE ARMAS,099012011014
924/06/201109901-2011-0140  ROBO,099012011014
1024/06/201109901-2011-0141  DELITOS RELACIONADOS CON NARCOTRAFICO,099012011014
105/07/201109901-2011-0156  ROBO,099012011015
205/07/201109901-2011-0157  DELITOS CONTRA LA VIDA.,099012011015
305/07/201109901-2011-0158  ROBO,099012011015
405/07/201109901-2011-0159  ESTUPEFACIENTES,099012011015
504/07/201109901-2011-0153  ESTUPEFACIENTES,099012011015
604/07/201109901-2011-0154  ESTUPEFACIENTES,099012011015
"704/07/201109901-2011-0155  ATENTADO CONTRA EL PUDOR, VIOLACIÓN Y ESTUPRO.",099012011015
801/07/201109901-2011-0152  ROBO,099012011015
930/06/201109901-2011-0150  ABUSO DE FACULTADES,099012011015
1030/06/201109901-2011-0151  CONTRA LA ACTIVIDAD JUDICIAL,099012011015
113/07/201109901-2011-0169  ROBO,099012011016
211/07/201109901-2011-0165  TRANSPORTE ILEGAL DE ARMAS,099012011016
311/07/201109901-2011-0168  TENTATIVA DE ROBO,099012011016
408/07/201109901-2011-0164  ESTUPEFACIENTES,099012011016
508/07/201109901-2011-0166  ROBO,099012011016
608/07/201109901-2011-0167  LA ESTAFA,099012011016
707/07/201109901-2011-0161  ABUSO DE ARMAS.,099012011016
807/07/201109901-2011-0162  ROBO,099012011016
907/07/201109901-2011-0163  LA ESTAFA,099012011016
1006/07/201109901-2011-0160  ROBO,099012011016
128/07/201109901-2011-0177  LESIONES,099012011017
227/07/201109901-2011-0176  ROBO,099012011017
322/07/201109901-2011-0174  ROBO,099012011017
422/07/201109901-2011-0175  TENENCIA DE ARMAS,099012011017
514/07/201109901-2011-0171  CONTRA LA VIDA,099012011017
612/07/201109901-2011-0170  ESTUPEFACIENTES,099012011017
701/07/201109901-2011-0178  ROBO,099012011017
829/05/201109901-2011-0173  ASESINATO,099012011017
126/08/201109901-2011-0189  TENTATIVA DE ASESINATO,099012011018
225/08/201109901-2011-0188  TENENCIA DE ARMAS,099012011018
324/08/201109901-2011-0186  ROBO,099012011018
424/08/201109901-2011-0187  TENTATIVA DE ASESINATO,099012011018
516/08/201109901-2011-0184  TENENCIA DE ARMAS,099012011018
611/08/201109901-2011-0183  ROBO,099012011018
708/08/201109901-2011-0182  TENENCIA DE ARMAS,099012011018
804/08/201109901-2011-0180  FALSIFICACIÓN DE DOCUMENTOS.,099012011018
109/09/201109901-2011-0198  ROBO,099012011019
208/09/201109901-2011-0199  LA ESTAFA,099012011019
307/09/201109901-2011-0197  CONTRA LA VIDA,099012011019
402/09/201109901-2011-0195  TENTATIVA DE ROBO,099012011019
502/09/201109901-2011-0196  ROBO,099012011019
601/09/201109901-2011-0193  TENENCIA DE ARMAS,099012011019
731/08/201109901-2011-0192  ROBO,099012011019
830/08/201109901-2011-0191  PECULADO,099012011019
929/08/201109901-2011-0190  ROBO,099012011019
1001/08/201109901-2011-0194  ROBO,099012011019
120/10/201109901-2011-0209  ROBO,099012011020
217/10/201109901-2011-0208  TENENCIA DE ARMAS,099012011020
311/10/201109901-2011-0207  PECULADO,099012011020
406/10/201109901-2011-0206  ROBO,099012011020
504/10/201109901-2011-0205  ESTUPEFACIENTES,099012011020
630/09/201109901-2011-0204  ROBO,099012011020
723/09/201109901-2011-0203  ROBO CON FUERZA EN LAS COSAS,099012011020
816/09/201109901-2011-0202  ROBO,099012011020
915/09/201109901-2011-0201  ROBO,099012011020
1012/09/201109901-2011-0200  TELECOMUNICACIONES ILEGALES,099012011020
114/11/201109901-2011-0214  ROBO,099012011021
214/11/201109901-2011-0216  ROBO,099012011021
314/11/201109901-2011-0217  TENENCIA DE ARMAS,099012011021
414/11/201109901-2011-0218  ROBO,099012011021
511/11/201109901-2011-0215  TENENCIA DE ARMAS,099012011021
608/11/201109901-2011-0213  PLAGIO,099012011021
731/10/201109901-2011-0212  TENENCIA DE ARMAS,099012011021
825/10/201109901-2011-0210  RECUSACION,099012011021
121/12/201109901-2011-0226  ROBO,099012011022
208/12/201109901-2011-0225  TENENCIA DE ARMAS,099012011022
307/12/201109901-2011-0222  TRANSPORTE ILEGAL DE ARMAS,099012011022
407/12/201109901-2011-0223  TENENCIA DE ARMAS,099012011022
507/12/201109901-2011-0224  ROBO,099012011022
605/12/201109901-2011-0220  ROBO,099012011022
705/12/201109901-2011-0221  ROBO,099012011022
830/11/201109901-2011-0228  ESTAFA,099012011022
No se encuentran resultados.,099012011025
114/02/201209901-2012-0018  ROBO,099012012001
214/02/201209901-2012-0019  LESIONES,099012012001
313/02/201209901-2012-0016  RECUSACION,099012012001
413/02/201209901-2012-0017  ROBO,099012012001
510/02/201209901-2012-0015  ROBO,099012012001
607/02/201209901-2012-0014  ROBO,099012012001
706/02/201209901-2012-0013  ESTUPEFACIENTES,099012012001
801/02/201209901-2012-0010  TENENCIA DE ARMAS,099012012001
901/02/201209901-2012-0011  TENENCIA DE ARMAS,099012012001
1001/02/201209901-2012-0012  ASESINATO,099012012001
102/03/201209901-2012-0029  ROBO,099012012002
229/02/201209901-2012-0028  TENENCIA DE ARMAS,099012012002
327/02/201209901-2012-0026  TENENCIA DE ARMAS,099012012002
427/02/201209901-2012-0027  ROBO,099012012002
524/02/201209901-2012-0025  ESTUPEFACIENTES,099012012002
622/02/201209901-2012-0023  ESTAFA,099012012002
717/02/201209901-2012-0024  TENENCIA DE ARMAS,099012012002
815/02/201209901-2012-0022  ROBO,099012012002
914/02/201209901-2012-0021  ROBO,099012012002
1013/02/201209901-2012-0020  TENENCIA DE ARMAS,099012012002
115/03/201209901-2012-0038  ROBO,099012012003
214/03/201209901-2012-0039  ROBO,099012012003
312/03/201209901-2012-0036  LESIONES,099012012003
412/03/201209901-2012-0037  EL ROBO,099012012003
507/03/201209901-2012-0033  EL ROBO,099012012003
"607/03/201209901-2012-0034  ATENTADO CONTRA EL PUDOR, VIOLACIÓN Y ESTUPRO.",099012012003
707/03/201209901-2012-0035  LA ESTAFA,099012012003
805/03/201209901-2012-0030  OCULTACION DE BIENES,099012012003
902/03/201209901-2012-0031  ROBO,099012012003
1002/03/201209901-2012-0032  ASESINATO,099012012003
126/03/201209901-2012-0046  ROBO,099012012004
226/03/201209901-2012-0049  EL ROBO,099012012004
323/03/201209901-2012-0048  CONTRA LA VIDA,099012012004
420/03/201209901-2012-0040  ROBO,099012012004
520/03/201209901-2012-0041  ROBO,099012012004
620/03/201209901-2012-0042  TENENCIA DE ARMAS,099012012004
720/03/201209901-2012-0043  ROBO,099012012004
820/03/201209901-2012-0044  PECULADO,099012012004
126/03/201209901-2012-0046  ROBO,099012012004
226/03/201209901-2012-0049  EL ROBO,099012012004
323/03/201209901-2012-0048  CONTRA LA VIDA,099012012004
420/03/201209901-2012-0040  ROBO,099012012004
520/03/201209901-2012-0041  ROBO,099012012004
620/03/201209901-2012-0042  TENENCIA DE ARMAS,099012012004
720/03/201209901-2012-0043  ROBO,099012012004
820/03/201209901-2012-0044  PECULADO,099012012004
109/04/201209901-2012-0059  TENENCIA DE ARMAS,099012012005
205/04/201209901-2012-0058  ROBO,099012012005
302/04/201209901-2012-0053  ESTUPEFACIENTES,099012012005
402/04/201209901-2012-0054  TENENCIA DE ARMAS,099012012005
502/04/201209901-2012-0057  ESTUPEFACIENTES,099012012005
630/03/201209901-2012-0052  TENTATIVA DE ASESINATO,099012012005
730/03/201209901-2012-0055  ESTUPEFACIENTES,099012012005
830/03/201209901-2012-0056  DELITOS DE EXPLOTACION SEXUAL,099012012005
927/03/201209901-2012-0050  EL ROBO,099012012005
1027/03/201209901-2012-0051  ABUSO DE ARMAS.,099012012005
119/04/201209901-2012-0069  ASOCIACION ILICITA,099012012006
218/04/201209901-2012-0068  CONTRA LA ACTIVIDAD JUDICIAL,099012012006
317/04/201209901-2012-0067  ESTUPEFACIENTES,099012012006
416/04/201209901-2012-0066  ESTAFA,099012012006
513/04/201209901-2012-0063  ARREBATAMIENTO DE MENORES,099012012006
613/04/201209901-2012-0065  ASESINATO,099012012006
712/04/201209901-2012-0064  ABUSO DE ARMAS.,099012012006
811/04/201209901-2012-0062  HURTO,099012012006
910/04/201209901-2012-0061  DELITOS QUE COMPROMETEN LA PAZ Y LA DIGNIDAD DEL ESTADO.,099012012006
1009/04/201209901-2012-0060  ROBO,099012012006
104/05/201209901-2012-0078  ROBO,099012012007
203/05/201209901-2012-0079  ROBO,099012012007
327/04/201209901-2012-0076  TENENCIA DE ARMAS,099012012007
426/04/201209901-2012-0075  TENENCIA DE ARMAS,099012012007
525/04/201209901-2012-0073  OTRO,099012012007
625/04/201209901-2012-0074  ROBO,099012012007
724/04/201209901-2012-0072  LESIONES,099012012007
820/04/201209901-2012-0071  ROBO,099012012007
919/04/201209901-2012-0070  ASESINATO,099012012007
128/05/201209901-2012-0089  ROBO,099012012008
223/05/201209901-2012-0088  ROBO,099012012008
322/05/201209901-2012-0087  ASOCIACION ILICITA,099012012008
421/05/201209901-2012-0086  ASOCIACION ILICITA,099012012008
516/05/201209901-2012-0085  ROBO,099012012008
615/05/201209901-2012-0084  ROBO,099012012008
714/05/201209901-2012-0082  ROBO,099012012008
814/05/201209901-2012-0083  ESTAFA,099012012008
910/05/201209901-2012-0081  ROBO,099012012008
1007/05/201209901-2012-0080  OTRO,099012012008
108/06/201209901-2012-0099  OCULTACION DE BIENES,099012012009
206/06/201209901-2012-0097  ASOCIACION ILICITA,099012012009
306/06/201209901-2012-0098  TENENCIA DE ARMAS,099012012009
405/06/201209901-2012-0094  ASESINATO,099012012009
505/06/201209901-2012-0096  ESTUPEFACIENTES,099012012009
604/06/201209901-2012-0093  ROBO,099012012009
704/06/201209901-2012-0095  DE LA CONSERVACION INDEBIDA DE EXPLOSIVOS,099012012009
"831/05/201209901-2012-0092  ATENTADO CONTRA EL PUDOR, VIOLACIÓN Y ESTUPRO.",099012012009
928/05/201209901-2012-0090  FALSIFICACIONES,099012012009
1028/05/201209901-2012-0091  TENENCIA DE ARMAS,099012012009
125/06/201209901-2012-0109  ESTUPEFACIENTES,099012012010
222/06/201209901-2012-0108  TENENCIA DE ARMAS,099012012010
320/06/201209901-2012-0106  ESTUPEFACIENTES,099012012010
419/06/201209901-2012-0107  TENENCIA DE ARMAS,099012012010
518/06/201209901-2012-0104  CONTRA LA VIDA,099012012010
615/06/201209901-2012-0102  TENENCIA DE ARMAS,099012012010
715/06/201209901-2012-0103  DETENCION ILEGAL,099012012010
815/06/201209901-2012-0105  MEDIDAS CAUTELARES,099012012010
914/06/201209901-2012-0101  ROBO,099012012010
1012/06/201209901-2012-0100  HABEAS CORPUS,099012012010
106/07/201209901-2012-0118  ROBO,099012012011
206/07/201209901-2012-0119  ROBO,099012012011
304/07/201209901-2012-0117  ASESINATO,099012012011
403/07/201209901-2012-0116  ASESINATO,099012012011
529/06/201209901-2012-0113  EL ROBO,099012012011
629/06/201209901-2012-0114  TENENCIA DE ARMAS,099012012011
728/06/201209901-2012-0112  ESTUPEFACIENTES,099012012011
826/06/201209901-2012-0110  ESTUPEFACIENTES,099012012011
926/06/201209901-2012-0111  DROGAS,099012012011
1003/06/201209901-2012-0115  TENENCIA DE ARMAS,099012012011
118/07/201209901-2012-0127  TENENCIA DE ARMAS,099012012012
218/07/201209901-2012-0129  ROBO,099012012012
317/07/201209901-2012-0128  ROBO,099012012012
416/07/201209901-2012-0126  ESTUPEFACIENTES,099012012012
512/07/201209901-2012-0125  TENTATIVA DE ASESINATO,099012012012
611/07/201209901-2012-0124  OTRO,099012012012
710/07/201209901-2012-0120  ABUSO DE ARMAS.,099012012012
810/07/201209901-2012-0121,099012012012
910/07/201209901-2012-0122  ROBO,099012012012
1010/07/201209901-2012-0123  ESTUPEFACIENTES,099012012012
131/07/201209901-2012-0137  EL ROBO,099012012013
231/07/201209901-2012-0138  DELITOS RELATIVOS A LA COMERCIALIZACIÓN ILÍCITA DE COMBUSTIBLES. - R.O.S 170 - 14 SEP 2007 (HIDROCARBUROS),099012012013
331/07/201209901-2012-0139  TENENCIA DE ARMAS,099012012013
427/07/201209901-2012-0135  TENTATIVA DE ASESINATO,099012012013
526/07/201209901-2012-0136  ROBO,099012012013
624/07/201209901-2012-0134  ASESINATO,099012012013
720/07/201209901-2012-0132  ASESINATO,099012012013
820/07/201209901-2012-0133  TRANSPORTE ILEGAL DE ARMAS,099012012013
919/07/201209901-2012-0131  OTRO,099012012013
1018/07/201209901-2012-0130  EL ROBO,099012012013
117/08/201209901-2012-0149  LESIONES,099012012014
216/08/201209901-2012-0148  ACCION DE PROTECCION,099012012014
315/08/201209901-2012-0146  OTRO,099012012014
414/08/201209901-2012-0145  ASESINATO,099012012014
514/08/201209901-2012-0147  TENENCIA DE ARMAS,099012012014
608/08/201209901-2012-0144  ROBO,099012012014
706/08/201209901-2012-0143  FALSIFICACIONES,099012012014
802/08/201209901-2012-0140  ROBO,099012012014
902/08/201209901-2012-0142  ESTUPEFACIENTES,099012012014
1001/08/201209901-2012-0141  ROBO,099012012014
104/09/201209901-2012-0159  TENENCIA DE ARMAS,099012012015
203/09/201209901-2012-0157  TENENCIA DE ARMAS,099012012015
331/08/201209901-2012-0158  ABUSO DE ARMAS.,099012012015
429/08/201209901-2012-0156  ROBO,099012012015
527/08/201209901-2012-0155  ROBO,099012012015
624/08/201209901-2012-0154  ROBO,099012012015
723/08/201209901-2012-0152  DELITOS RELATIVOS A LA COMERCIALIZACIÓN ILÍCITA DE COMBUSTIBLES. - R.O.S 170 - 14 SEP 2007 (HIDROCARBUROS),099012012015
823/08/201209901-2012-0153  ROBO,099012012015
921/08/201209901-2012-0151  ASESINATO,099012012015
1020/08/201209901-2012-0150  DISPOSICIONES COMUNES A LOS DELITOS SEXUALES Y DE TRATA DE PERSONAS,099012012015
121/09/201209901-2012-0169  ROBO,099012012016
219/09/201209901-2012-0167  TRANSPORTE ILEGAL DE ARMAS,099012012016
319/09/201209901-2012-0168  TRANSPORTE ILEGAL DE ARMAS,099012012016
417/09/201209901-2012-0166  ROBO,099012012016
514/09/201209901-2012-0165  PLAGIO,099012012016
612/09/201209901-2012-0164  TENENCIA DE ARMAS,099012012016
711/09/201209901-2012-0163  ROBO,099012012016
806/09/201209901-2012-0161  ROBO,099012012016
906/09/201209901-2012-0162  ROBO,099012012016
1004/09/201209901-2012-0160  ESTUPEFACIENTES,099012012016
109/10/201209901-2012-0179  TENENCIA DE ARMAS,099012012017
208/10/201209901-2012-0178  DISPOSICIONES COMUNES A LOS DELITOS SEXUALES Y DE TRATA DE PERSONAS,099012012017
303/10/201209901-2012-0177  DISPOSICIONES COMUNES A LOS DELITOS SEXUALES Y DE TRATA DE PERSONAS,099012012017
401/10/201209901-2012-0176  TENENCIA DE ARMAS,099012012017
527/09/201209901-2012-0174  ROBO,099012012017
627/09/201209901-2012-0175  TENENCIA DE ARMAS,099012012017
725/09/201209901-2012-0172  TENENCIA DE ARMAS,099012012017
824/09/201209901-2012-0173  OCULTACION DE BIENES,099012012017
921/09/201209901-2012-0171  MEDIDAS CAUTELARES,099012012017
122/10/201209901-2012-0187  ESTUPEFACIENTES,099012012018
219/10/201209901-2012-0188  ROBO,099012012018
318/10/201209901-2012-0184  ESTUPEFACIENTES,099012012018
418/10/201209901-2012-0185  USO DOLOSO DE DOCUMENTOS FALSOS,099012012018
518/10/201209901-2012-0186  REBELION,099012012018
617/10/201209901-2012-0182  LESIONES,099012012018
716/10/201209901-2012-0180  ROBO,099012012018
815/10/201209901-2012-0181  ROBO,099012012018
105/11/201209901-2012-0199  OTRO,099012012019
231/10/201209901-2012-0196  ROBO,099012012019
331/10/201209901-2012-0197  ACCION DE PROTECCION,099012012019
431/10/201209901-2012-0198  HURTO,099012012019
529/10/201209901-2012-0195  ASOCIACION ILICITA,099012012019
626/10/201209901-2012-0193  TENENCIA DE ARMAS,099012012019
724/10/201209901-2012-0191  OTRO,099012012019
823/10/201209901-2012-0192  OCULTACION DE BIENES,099012012019
922/10/201209901-2012-0190  ACCION DE PROTECCION,099012012019
115/11/201209901-2012-0209  ESTUPEFACIENTES,099012012020
214/11/201209901-2012-0208  APROPIACION INDEBIDA,099012012020
313/11/201209901-2012-0207  EL ROBO,099012012020
412/11/201209901-2012-0206  TENENCIA DE ARMAS,099012012020
509/11/201209901-2012-0205  LESIONES,099012012020
608/11/201209901-2012-0202  ROBO,099012012020
708/11/201209901-2012-0203  DISPOSICIONES COMUNES A LOS DELITOS SEXUALES Y DE TRATA DE PERSONAS,099012012020
807/11/201209901-2012-0201  ROBO,099012012020
906/11/201209901-2012-0200  ESTUPEFACIENTES,099012012020
104/12/201209901-2012-0219  ROBO,099012012021
229/11/201209901-2012-0217  ESTUPEFACIENTES,099012012021
328/11/201209901-2012-0216  ASESINATO,099012012021
423/11/201209901-2012-0213  ESTUPEFACIENTES,099012012021
523/11/201209901-2012-0214  LESIONES,099012012021
621/11/201209901-2012-0211  TENENCIA DE ARMAS,099012012021
720/11/201209901-2012-0215  ROBO,099012012021
819/11/201209901-2012-0210  TENTATIVA DE ASESINATO,099012012021
906/11/201209901-2012-0212  TENENCIA DE ARMAS,099012012021
113/12/201209901-2012-0228  HURTO,099012012022
213/12/201209901-2012-0229  ESTUPEFACIENTES,099012012022
312/12/201209901-2012-0227  USO DOLOSO DE DOCUMENTOS FALSOS,099012012022
411/12/201209901-2012-0226  TENENCIA DE ARMAS,099012012022
510/12/201209901-2012-0225  LESIONES,099012012022
605/12/201209901-2012-0221  OTRO,099012012022
705/12/201209901-2012-0222  CONTRA LA ACTIVIDAD JUDICIAL,099012012022
803/12/201209901-2012-0220  ASOCIACION ILICITA,099012012022
128/12/201209901-2012-0237  ROBO,099012012023
228/12/201209901-2012-0239  TRANSPORTE ILEGAL DE ARMAS,099012012023
326/12/201209901-2012-0236  ROBO,099012012023
420/12/201209901-2012-0234  DISPOSICIONES COMUNES A LOS DELITOS SEXUALES Y DE TRATA DE PERSONAS,099012012023
520/12/201209901-2012-0235  ROBO,099012012023
619/12/201209901-2012-0231  TENENCIA DE ARMAS,099012012023
719/12/201209901-2012-0232  TENENCIA DE ARMAS,099012012023
814/12/201209901-2012-0230  ESTUPEFACIENTES,099012012023
128/12/201209901-2012-0240  ROBO,099012012024
128/12/201209901-2012-0240  ROBO,099012012024
No se encuentran resultados.,099012012027
107/01/201309901-2013-0010  ROBO,099012013001
207/01/201309901-2013-0011  ESTUPEFACIENTES,099012013001
307/01/201309901-2013-0013  ROBO,099012013001
407/01/201309901-2013-0014  COHECHO,099012013001
505/01/201309901-2013-0012  EL ROBO,099012013001
605/01/201309901-2013-0015  ASOCIACION ILICITA,099012013001
705/01/201309901-2013-0016  ROBO,099012013001
805/01/201309901-2013-0017  DISPOSICIONES COMUNES A LOS DELITOS SEXUALES Y DE TRATA DE PERSONAS,099012013001
905/01/201309901-2013-0018  ASOCIACION ILICITA,099012013001
1005/01/201309901-2013-0019  ROBO,099012013001
110/01/201309901-2013-0028  ROBO,099012013002
209/01/201309901-2013-0023  EL ROBO,099012013002
309/01/201309901-2013-0025  ROBO,099012013002
409/01/201309901-2013-0027  EL ROBO,099012013002
509/01/201309901-2013-0029  ROBO,099012013002
608/01/201309901-2013-0020  LA ESTAFA,099012013002
708/01/201309901-2013-0022  ESTUPEFACIENTES,099012013002
808/01/201309901-2013-0024  ABUSO DE ARMAS.,099012013002
908/01/201309901-2013-0026  ROBO,099012013002
1007/01/201309901-2013-0021  ROBO,099012013002
114/01/201309901-2013-0035  ROBO,099012013003
214/01/201309901-2013-0037  TENENCIA DE ARMAS,099012013003
314/01/201309901-2013-0039  ASESINATO,099012013003
412/01/201309901-2013-0036  DEL RAPTO.,099012013003
512/01/201309901-2013-0038  OCULTACION DE BIENES,099012013003
611/01/201309901-2013-0032  ASESINATO,099012013003
711/01/201309901-2013-0033  DELITOS RELACIONADOS CON NARCOTRAFICO,099012013003
810/01/201309901-2013-0031  ESTUPEFACIENTES,099012013003
910/01/201309901-2013-0034  TENENCIA DE ARMAS,099012013003
1009/01/201309901-2013-0030  ROBO,099012013003
116/01/201309901-2013-0049  ROBO,099012013004
215/01/201309901-2013-0047  ROBO,099012013004
315/01/201309901-2013-0048  ASESINATO,099012013004
414/01/201309901-2013-0046  ROBO,099012013004
512/01/201309901-2013-0040  ABUSO DE ARMAS.,099012013004
612/01/201309901-2013-0041  TENENCIA DE ARMAS,099012013004
712/01/201309901-2013-0042  REBELION,099012013004
812/01/201309901-2013-0043  DISPOSICIONES COMUNES A LOS DELITOS SEXUALES Y DE TRATA DE PERSONAS,099012013004
912/01/201309901-2013-0044  ABUSO DE ARMAS.,099012013004
1012/01/201309901-2013-0045  INTIMIDACIÓN.,099012013004
122/01/201309901-2013-0058  LESIONES,099012013005
222/01/201309901-2013-0059  ROBO,099012013005
321/01/201309901-2013-0057  ASESINATO,099012013005
418/01/201309901-2013-0056  OCULTACION DE BIENES,099012013005
517/01/201309901-2013-0055  ROBO,099012013005
616/01/201309901-2013-0053  ROBO,099012013005
716/01/201309901-2013-0054  HURTO,099012013005
815/01/201309901-2013-0051  TENENCIA DE ARMAS,099012013005
107/02/201309901-2013-0068  RECUSACION,099012013006
207/02/201309901-2013-0069  ESTUPEFACIENTES,099012013006
306/02/201309901-2013-0066  TENENCIA DE ARMAS,099012013006
406/02/201309901-2013-0067  ESTUPEFACIENTES,099012013006
504/02/201309901-2013-0065  ROBO,099012013006
601/02/201309901-2013-0064  ROBO,099012013006
731/01/201309901-2013-0063  LESIONES,099012013006
829/01/201309901-2013-0061  ROBO,099012013006
929/01/201309901-2013-0062  ASESINATO,099012013006
1024/01/201309901-2013-0060  CONTRA LA VIDA,099012013006
120/02/201309901-2013-0077  ABUSO DE ARMAS.,099012013007
220/02/201309901-2013-0078  ROBO,099012013007
320/02/201309901-2013-0079  ROBO,099012013007
419/02/201309901-2013-0074  DELITOS RELACIONADOS CON NARCOTRAFICO,099012013007
519/02/201309901-2013-0076  EL ROBO,099012013007
618/02/201309901-2013-0073  MEDIDAS CAUTELARES,099012013007
718/02/201309901-2013-0075  TENENCIA DE ARMAS,099012013007
813/02/201309901-2013-0072  ESTUPEFACIENTES,099012013007
908/02/201309901-2013-0071  TENENCIA DE ARMAS,099012013007
1007/02/201309901-2013-0070  TENENCIA DE ARMAS,099012013007
104/03/201309901-2013-0089  CONTRA LA FE PUBLICA,099012013008
228/02/201309901-2013-0086  LESIONES,099012013008
328/02/201309901-2013-0087  ASESINATO,099012013008
428/02/201309901-2013-0088  TENENCIA DE ARMAS,099012013008
527/02/201309901-2013-0084  ESTUPEFACIENTES,099012013008
627/02/201309901-2013-0085  ROBO,099012013008
725/02/201309901-2013-0082  PLAGIO,099012013008
825/02/201309901-2013-0083  ROBO,099012013008
922/02/201309901-2013-0080  TRANSPORTE ILEGAL DE ARMAS,099012013008
1021/02/201309901-2013-0081  TENTATIVA DE ROBO,099012013008
113/03/201309901-2013-0099  EL ROBO,099012013009
212/03/201309901-2013-0098  ESTUPEFACIENTES,099012013009
311/03/201309901-2013-0094  TENENCIA DE ARMAS,099012013009
411/03/201309901-2013-0096  DISPOSICIONES COMUNES A LOS DELITOS SEXUALES Y DE TRATA DE PERSONAS,099012013009
511/03/201309901-2013-0097  ROBO,099012013009
"608/03/201309901-2013-0095  ATENTADO CONTRA EL PUDOR, VIOLACIÓN Y ESTUPRO.",099012013009
707/03/201309901-2013-0093  LESIONES,099012013009
806/03/201309901-2013-0091  ROBO,099012013009
906/03/201309901-2013-0092  ESTUPEFACIENTES,099012013009
1005/03/201309901-2013-0090  ESTAFA,099012013009
101/04/201309901-2013-0109  USO DOLOSO DE DOCUMENTOS FALSOS,099012013010
227/03/201309901-2013-0108  TENENCIA DE ARMAS,099012013010
326/03/201309901-2013-0107  DELITOS RELACIONADOS CON NARCOTRAFICO,099012013010
425/03/201309901-2013-0106  ROBO,099012013010
522/03/201309901-2013-0103  FALSIFICACIONES,099012013010
622/03/201309901-2013-0104  TENENCIA DE ARMAS,099012013010
722/03/201309901-2013-0105  LESIONES,099012013010
818/03/201309901-2013-0102  TENENCIA DE ARMAS,099012013010
914/03/201309901-2013-0101  REBELION,099012013010
1013/03/201309901-2013-0100  ROBO,099012013010
108/04/201309901-2013-0117  ROBO,099012013011
208/04/201309901-2013-0119  ASESINATO,099012013011
305/04/201309901-2013-0114  OTRO,099012013011
405/04/201309901-2013-0116  TENENCIA DE ARMAS,099012013011
505/04/201309901-2013-0118  EL ROBO,099012013011
604/04/201309901-2013-0110  ROBO,099012013011
704/04/201309901-2013-0112  ROBO,099012013011
804/04/201309901-2013-0113  DELITOS RELACIONADOS CON NARCOTRAFICO,099012013011
904/04/201309901-2013-0115  ROBO,099012013011
1002/04/201309901-2013-0111  TENENCIA DE ARMAS,099012013011
110/04/201309901-2013-0127  EL ROBO,099012013012
210/04/201309901-2013-0129  TENENCIA DE ARMAS,099012013012
309/04/201309901-2013-0120  ROBO,099012013012
409/04/201309901-2013-0125  EL ROBO,099012013012
509/04/201309901-2013-0128  EL ROBO,099012013012
608/04/201309901-2013-0121  EL ROBO,099012013012
708/04/201309901-2013-0122  DELITOS RELACIONADOS CON NARCOTRAFICO,099012013012
808/04/201309901-2013-0124  EL ROBO,099012013012
112/04/201309901-2013-0132  HURTO,099012013013
212/04/201309901-2013-0138  ROBO,099012013013
311/04/201309901-2013-0130  EL ROBO,099012013013
411/04/201309901-2013-0133  ROBO CALIFICADO,099012013013
511/04/201309901-2013-0134  DISPOSICIONES COMUNES A LOS DELITOS SEXUALES Y DE TRATA DE PERSONAS,099012013013
611/04/201309901-2013-0135  EL ROBO,099012013013
711/04/201309901-2013-0136  EVASION,099012013013
811/04/201309901-2013-0137  REBELION,099012013013
"911/04/201309901-2013-0139  ATENTADO CONTRA EL PUDOR, VIOLACIÓN Y ESTUPRO.",099012013013
1010/04/201309901-2013-0131  EL ROBO,099012013013
126/04/201309901-2013-0149  HOMICIDIO,099012013014
224/04/201309901-2013-0148  ESTUPEFACIENTES,099012013014
318/04/201309901-2013-0147  ESTUPEFACIENTES,099012013014
416/04/201309901-2013-0141  ABUSO DE ARMAS.,099012013014
516/04/201309901-2013-0142  EL ROBO,099012013014
616/04/201309901-2013-0143  LAS LESIONES,099012013014
716/04/201309901-2013-0144  ROBO,099012013014
816/04/201309901-2013-0146  FALSIFICACIONES,099012013014
915/04/201309901-2013-0140  EL ROBO,099012013014
1015/04/201309901-2013-0145  EL ROBO,099012013014
121/05/201309901-2013-0159  ESTUPEFACIENTES,099012013015
220/05/201309901-2013-0158  EL ROBO,099012013015
316/05/201309901-2013-0157  TENENCIA DE ARMAS,099012013015
415/05/201309901-2013-0156  LESIONES,099012013015
514/05/201309901-2013-0155  TRAFICO ILEGAL DE PERSONAS,099012013015
613/05/201309901-2013-0154  ESTUPEFACIENTES,099012013015
709/05/201309901-2013-0152  TELECOMUNICACIONES ILEGALES,099012013015
807/05/201309901-2013-0151  ASESINATO,099012013015
926/04/201309901-2013-0150  TRANSPORTE ILEGAL DE ARMAS,099012013015
125/06/201309901-2013-0169  DELITOS RELACIONADOS CON NARCOTRAFICO,099012013016
221/06/201309901-2013-0168  PLAGIO,099012013016
312/06/201309901-2013-0166  ABUSO DE CONFIANZA,099012013016
407/06/201309901-2013-0165  ESTAFA,099012013016
506/06/201309901-2013-0163  OTRO,099012013016
605/06/201309901-2013-0164  RECURSO DE AMPARO DE LIBERTAD,099012013016
704/06/201309901-2013-0162  ROBO,099012013016
831/05/201309901-2013-0161  ASESINATO,099012013016
922/05/201309901-2013-0160  REBELION,099012013016
118/07/201309901-2013-0179  ASESINATO,099012013017
216/07/201309901-2013-0177  DELITOS RELACIONADOS CON NARCOTRAFICO,099012013017
316/07/201309901-2013-0178  ESTUPEFACIENTES,099012013017
412/07/201309901-2013-0175  ESTAFA,099012013017
512/07/201309901-2013-0176  ROBO,099012013017
610/07/201309901-2013-0172  PECULADO,099012013017
710/07/201309901-2013-0174  ABUSO DE ARMAS.,099012013017
809/07/201309901-2013-0173  ESTUPEFACIENTES,099012013017
904/07/201309901-2013-0171  FALSIFICACIONES,099012013017
1026/06/201309901-2013-0170  ROBO,099012013017
118/07/201309901-2013-0179  ASESINATO,099012013017
216/07/201309901-2013-0177  DELITOS RELACIONADOS CON NARCOTRAFICO,099012013017
316/07/201309901-2013-0178  ESTUPEFACIENTES,099012013017
412/07/201309901-2013-0175  ESTAFA,099012013017
512/07/201309901-2013-0176  ROBO,099012013017
610/07/201309901-2013-0172  PECULADO,099012013017
710/07/201309901-2013-0174  ABUSO DE ARMAS.,099012013017
809/07/201309901-2013-0173  ESTUPEFACIENTES,099012013017
904/07/201309901-2013-0171  FALSIFICACIONES,099012013017
1026/06/201309901-2013-0170  ROBO,099012013017
122/08/201309901-2013-0189  OTRO,099012013018
219/08/201309901-2013-0188  ASESINATO,099012013018
315/08/201309901-2013-0187  TENTATIVA DE ASESINATO,099012013018
413/08/201309901-2013-0186  ASESINATO,099012013018
509/08/201309901-2013-0185  ROBO,099012013018
607/08/201309901-2013-0182  TENENCIA DE ARMAS,099012013018
707/08/201309901-2013-0184  ASESINATO,099012013018
805/08/201309901-2013-0183  OTRO,099012013018
901/08/201309901-2013-0181  ABUSO DE ARMAS.,099012013018
1022/07/201309901-2013-0180  ESTUPEFACIENTES,099012013018
"107/10/201309901-2013-0199  ATENTADO CONTRA EL PUDOR, VIOLACIÓN Y ESTUPRO.",099012013019
216/09/201309901-2013-0198  TRAFICO ILEGAL DE PERSONAS,099012013019
307/09/201309901-2013-0197  ASESINATO,099012013019
406/09/201309901-2013-0196  ROBO,099012013019
504/09/201309901-2013-0194  ASESINATO,099012013019
604/09/201309901-2013-0195  OTRO,099012013019
703/09/201309901-2013-0193  PECULADO,099012013019
828/08/201309901-2013-0192  PLAGIO,099012013019
927/08/201309901-2013-0191  ROBO,099012013019
1026/08/201309901-2013-0190  TENENCIA DE ARMAS,099012013019
101/11/201309901-2013-0208  ROBO,099012013020
201/11/201309901-2013-0209  TENENCIA DE ARMAS,099012013020
329/10/201309901-2013-0205  DELITOS RELACIONADOS CON NARCOTRAFICO,099012013020
429/10/201309901-2013-0206  REBELION,099012013020
528/10/201309901-2013-0207  DISPOSICIONES GENERALES.,099012013020
624/10/201309901-2013-0204  ESTUPEFACIENTES,099012013020
723/10/201309901-2013-0203  ROBO,099012013020
817/10/201309901-2013-0202  ROBO CALIFICADO,099012013020
916/10/201309901-2013-0201  ROBO,099012013020
1007/10/201309901-2013-0200  USO DOLOSO DE DOCUMENTOS FALSOS,099012013020
120/11/201309901-2013-0219  TENENCIA DE ARMAS,099012013021
213/11/201309901-2013-0218  ROBO,099012013021
311/11/201309901-2013-0216  ROBO,099012013021
411/11/201309901-2013-0217  TENENCIA DE ARMAS,099012013021
507/11/201309901-2013-0214  FALSIFICACIONES,099012013021
607/11/201309901-2013-0215  ROBO,099012013021
706/11/201309901-2013-0212  OCULTACION DE BIENES,099012013021
806/11/201309901-2013-0213  ASOCIACION ILICITA,099012013021
905/11/201309901-2013-0211  EL HURTO,099012013021
1004/11/201309901-2013-0210  EL ROBO,099012013021
103/12/201309901-2013-0228  HURTO,099012013022
203/12/201309901-2013-0229  LESIONES,099012013022
327/11/201309901-2013-0226  ROBO,099012013022
427/11/201309901-2013-0227  HURTO,099012013022
521/11/201309901-2013-0225  OTRO,099012013022
620/11/201309901-2013-0222  TENENCIA DE ARMAS,099012013022
720/11/201309901-2013-0223  OTRO,099012013022
820/11/201309901-2013-0224  TENENCIA DE ARMAS,099012013022
915/11/201309901-2013-0220  ROBO,099012013022
123/12/201309901-2013-0239  ESTUPEFACIENTES,099012013023
220/12/201309901-2013-0237  ESTAFA,099012013023
320/12/201309901-2013-0238  ESTUPEFACIENTES,099012013023
419/12/201309901-2013-0236  LESIONES,099012013023
512/12/201309901-2013-0234  ABUSO DE ARMAS.,099012013023
612/12/201309901-2013-0235  LAS LESIONES,099012013023
710/12/201309901-2013-0233  LESIONES,099012013023
809/12/201309901-2013-0232  OTRO,099012013023
905/12/201309901-2013-0231  ABUSO DE FACULTADES,099012013023
1003/12/201309901-2013-0230  ESTAFA,099012013023
No se encuentran resultados.,099012013026
111/02/201409901-2014-0018  ESTUPEFACIENTES,099012014001
211/02/201409901-2014-0019  HURTO,099012014001
"305/02/201409901-2014-0016  ATENTADO CONTRA EL PUDOR, VIOLACIÓN Y ESTUPRO.",099012014001
405/02/201409901-2014-0017  ROBO,099012014001
531/01/201409901-2014-0012  ESTUPEFACIENTES,099012014001
631/01/201409901-2014-0013  USO DOLOSO DE DOCUMENTOS FALSOS,099012014001
731/01/201409901-2014-0014  ESTUPEFACIENTES,099012014001
831/01/201409901-2014-0015  TENENCIA DE ARMAS,099012014001
929/01/201409901-2014-0011  ROBO,099012014001
1028/01/201409901-2014-0010  FALSIFICACIONES,099012014001
128/02/201409901-2014-0029  OTRO,099012014002
226/02/201409901-2014-0028  LAS LESIONES,099012014002
325/02/201409901-2014-0027  ROBO,099012014002
421/02/201409901-2014-0026  ROBO,099012014002
520/02/201409901-2014-0024  TENENCIA DE ARMAS,099012014002
620/02/201409901-2014-0025  FALSIFICACIONES,099012014002
718/02/201409901-2014-0022  USO DOLOSO DE DOCUMENTOS FALSOS,099012014002
818/02/201409901-2014-0023  ASESINATO,099012014002
913/02/201409901-2014-0020  ASESINATO,099012014002
1013/02/201409901-2014-0021  HOMICIDIO,099012014002
117/03/201409901-2014-0038  EL ROBO,099012014003
217/03/201409901-2014-0039  DELITOS RELACIONADOS CON NARCOTRAFICO,099012014003
314/03/201409901-2014-0037  TENENCIA DE ARMAS,099012014003
413/03/201409901-2014-0036  HURTO,099012014003
510/03/201409901-2014-0034  DELITOS RELACIONADOS CON NARCOTRAFICO,099012014003
610/03/201409901-2014-0035  ESTUPEFACIENTES,099012014003
"707/03/201409901-2014-0033  ATENTADO CONTRA EL PUDOR, VIOLACIÓN Y ESTUPRO.",099012014003
806/03/201409901-2014-0032  EL ROBO,099012014003
905/03/201409901-2014-0031  ROBO,099012014003
"1028/02/201409901-2014-0030  ATENTADO CONTRA EL PUDOR, VIOLACIÓN Y ESTUPRO.",099012014003
109/04/201409901-2014-0048  LA EXTORSIÓN.,099012014004
209/04/201409901-2014-0049  TENENCIA DE ARMAS,099012014004
307/04/201409901-2014-0047  LESIONES,099012014004
404/04/201409901-2014-0046  ASESINATO,099012014004
502/04/201409901-2014-0045  LESIONES,099012014004
625/03/201409901-2014-0043  ESTUPEFACIENTES,099012014004
721/03/201409901-2014-0041  ASESINATO,099012014004
820/03/201409901-2014-0040  TRANSPORTE ILEGAL DE ARMAS,099012014004
128/04/201409901-2014-0057  ESTUPEFACIENTES,099012014005
228/04/201409901-2014-0058  ESTUPEFACIENTES,099012014005
323/04/201409901-2014-0055  ROBO,099012014005
423/04/201409901-2014-0056  ASOCIACION ILICITA,099012014005
522/04/201409901-2014-0053  USURPACION DE FUNCIONES,099012014005
621/04/201409901-2014-0052  TRANSPORTE ILEGAL DE ARMAS,099012014005
716/04/201409901-2014-0050  TENENCIA DE ARMAS,099012014005
120/05/201409901-2014-0068  LA ESTAFA,099012014006
220/05/201409901-2014-0069  EL ROBO,099012014006
315/05/201409901-2014-0066  EL ROBO,099012014006
415/05/201409901-2014-0067  TENENCIA DE ARMAS,099012014006
513/05/201409901-2014-0065  EL ROBO,099012014006
608/05/201409901-2014-0064  USO DOLOSO DE DOCUMENTOS FALSOS,099012014006
707/05/201409901-2014-0062  TENENCIA DE ARMAS,099012014006
807/05/201409901-2014-0063  DELITOS RELACIONADOS CON NARCOTRAFICO,099012014006
906/05/201409901-2014-0061  ESTUPEFACIENTES,099012014006
1002/05/201409901-2014-0060  USURA Y CASAS DE PRESTAMO SOBRE PRENDAS,099012014006
"129/05/201409901-2014-0079  ATENTADO CONTRA EL PUDOR, VIOLACIÓN Y ESTUPRO.",099012014007
228/05/201409901-2014-0077  FALSIFICACIÓN DE DOCUMENTOS.,099012014007
328/05/201409901-2014-0078  LESIONES,099012014007
426/05/201409901-2014-0075  ABUSO DE ARMAS.,099012014007
526/05/201409901-2014-0076  TENENCIA DE ARMAS,099012014007
622/05/201409901-2014-0072  TENTATIVA DE ASESINATO,099012014007
722/05/201409901-2014-0073  EL ROBO,099012014007
822/05/201409901-2014-0074  REBELION,099012014007
921/05/201409901-2014-0071  LESIONES,099012014007
"1020/05/201409901-2014-0070  ATENTADO CONTRA EL PUDOR, VIOLACIÓN Y ESTUPRO.",099012014007
112/06/201409901-2014-0089  DELITOS RELACIONADOS CON NARCOTRAFICO,099012014008
209/06/201409901-2014-0084  DELITOS RELACIONADOS CON NARCOTRAFICO,099012014008
309/06/201409901-2014-0085  LAS LESIONES,099012014008
409/06/201409901-2014-0086  TENTATIVA DE ASESINATO,099012014008
509/06/201409901-2014-0088  TENENCIA DE ARMAS,099012014008
605/06/201409901-2014-0083  ROBO,099012014008
704/06/201409901-2014-0082  ESTUPEFACIENTES,099012014008
802/06/201409901-2014-0080  EL ROBO,099012014008
902/06/201409901-2014-0081  TENENCIA DE ARMAS,099012014008
130/06/201409901-2014-0098  ABUSO DE ARMAS.,099012014009
230/06/201409901-2014-0099  TENENCIA DE ARMAS,099012014009
324/06/201409901-2014-0096  EL ROBO,099012014009
424/06/201409901-2014-0097  DELITOS RELACIONADOS CON NARCOTRAFICO,099012014009
523/06/201409901-2014-0095  LESIONES,099012014009
620/06/201409901-2014-0094  ASESINATO,099012014009
718/06/201409901-2014-0093  TENENCIA DE ARMAS,099012014009
"816/06/201409901-2014-0092  ATENTADO CONTRA EL PUDOR, VIOLACIÓN Y ESTUPRO.",099012014009
913/06/201409901-2014-0090  ABUSO DE ARMAS.,099012014009
1013/06/201409901-2014-0091  ROBO,099012014009
114/07/201409901-2014-0106  DELITOS RELACIONADOS CON NARCOTRAFICO,099012014010
214/07/201409901-2014-0107  EL ROBO,099012014010
314/07/201409901-2014-0108  ESTUPEFACIENTES,099012014010
410/07/201409901-2014-0105  DELITOS RELACIONADOS CON NARCOTRAFICO,099012014010
509/07/201409901-2014-0104  TENENCIA DE ARMAS,099012014010
604/07/201409901-2014-0102  ESTUPEFACIENTES,099012014010
704/07/201409901-2014-0103  EL ROBO,099012014010
802/07/201409901-2014-0100  DELITOS RELACIONADOS CON NARCOTRAFICO,099012014010
108/08/201409901-2014-0118  ESTUPEFACIENTES,099012014011
201/08/201409901-2014-0116  ESTUPEFACIENTES,099012014011
331/07/201409901-2014-0115  OCULTACION DE BIENES,099012014011
429/07/201409901-2014-0114  EL ROBO,099012014011
528/07/201409901-2014-0113  EL ROBO,099012014011
622/07/201409901-2014-0110  TENTATIVA DE ASESINATO,099012014011
722/07/201409901-2014-0111  EL ROBO,099012014011
822/07/201409901-2014-0112  ROBO,099012014011
108/08/201409901-2014-0118  ESTUPEFACIENTES,099012014011
201/08/201409901-2014-0116  ESTUPEFACIENTES,099012014011
331/07/201409901-2014-0115  OCULTACION DE BIENES,099012014011
429/07/201409901-2014-0114  EL ROBO,099012014011
528/07/201409901-2014-0113  EL ROBO,099012014011
622/07/201409901-2014-0110  TENTATIVA DE ASESINATO,099012014011
722/07/201409901-2014-0111  EL ROBO,099012014011
822/07/201409901-2014-0112  ROBO,099012014011
122/09/201409901-2014-0120  DELITOS CONTRA EL MEDIO AMBIENTE,099012014012
No se encuentran resultados.,099012014015
108/08/201409901-2014-0118  ESTUPEFACIENTES,099012014011
201/08/201409901-2014-0116  ESTUPEFACIENTES,099012014011
331/07/201409901-2014-0115  OCULTACION DE BIENES,099012014011
429/07/201409901-2014-0114  EL ROBO,099012014011
528/07/201409901-2014-0113  EL ROBO,099012014011
622/07/201409901-2014-0110  TENTATIVA DE ASESINATO,099012014011
722/07/201409901-2014-0111  EL ROBO,099012014011
822/07/201409901-2014-0112  ROBO,099012014011
122/09/201409901-2014-0120  DELITOS CONTRA EL MEDIO AMBIENTE,099012014012
No se encuentran resultados.,099012014015
